UserID,No Of Abuse Report,No Of Rejected Friend Requests,No Of Freind Requests Thar Are Not Accepted,No Of Friends,No Of Followers,No Of Likes To Unknown Account,No Of Comments Per Day,Fake Or Not Category
1,37,415,204,290,838,26,53,1
2,63,383,542,652,349,37,58,1
3,10,151,244,863,271,73,11,1
4,83,54,604,496,937,37,55,1
5,47,834,326,401,928,80,78,1
6,14,585,199,592,420,9,95,0
7,74,452,168,846,392,36,19,1
8,1,166,994,945,165,46,85,0
9,69,247,51,568,245,1,9,1
10,77,792,872,998,306,56,52,1
11,76,855,371,332,585,42,1,1
12,24,656,673,353,816,88,15,1
13,59,312,876,708,122,23,54,1
14,93,511,890,943,481,15,29,1
15,25,289,803,85,836,21,37,0
16,6,960,809,45,388,65,72,1
17,76,528,543,661,25,89,99,1
18,53,447,759,780,285,33,96,1
19,12,834,936,449,287,35,3,0
20,40,502,579,808,258,35,7,1
21,84,62,356,662,577,10,18,1
22,88,130,136,369,196,66,9,1
23,26,470,678,83,109,47,14,0
24,62,15,928,471,585,57,14,1
25,50,57,103,697,950,19,12,1
26,78,520,27,233,25,60,11,1
27,46,270,506,606,262,83,55,1
28,70,318,288,458,205,2,36,1
29,56,58,50,849,911,54,92,1
30,5,225,305,387,449,25,14,0
31,67,316,631,573,939,52,36,1
32,64,974,163,271,396,47,98,1
33,75,165,278,462,542,36,75,1
34,89,909,762,569,223,30,26,1
35,19,543,387,488,578,3,70,0
36,4,561,171,101,165,20,59,0
37,47,492,918,115,302,37,24,1
38,14,885,374,952,756,69,1,1
39,2,625,897,985,743,17,36,0
40,64,197,239,853,84,60,3,1
41,99,885,116,709,735,94,11,1
42,37,667,414,533,340,97,98,1
43,74,953,670,120,150,64,77,1
44,92,361,180,458,385,45,77,1
45,55,714,447,823,578,75,52,1
46,84,549,425,726,975,54,68,1
47,40,839,77,194,357,75,97,1
48,16,1000,558,834,939,57,89,1
49,51,865,59,806,313,11,67,1
50,28,624,643,742,427,42,53,0
51,36,620,992,776,726,17,58,1
52,63,27,390,447,711,25,41,1
53,49,183,964,546,950,14,72,1
54,21,694,749,868,502,46,55,0
55,32,872,256,167,905,34,83,1
56,89,912,106,256,358,7,25,1
57,89,258,517,548,86,71,87,1
58,5,893,88,639,178,44,50,0
59,17,169,965,960,751,52,43,1
60,100,165,913,989,258,91,25,1
61,28,44,906,34,501,81,66,1
62,2,968,490,49,71,49,37,0
63,99,109,844,598,368,37,21,1
64,52,716,852,416,38,75,29,1
65,45,127,85,530,448,90,59,1
66,51,681,236,476,610,88,2,1
67,13,672,39,862,164,34,55,0
68,34,871,239,837,511,73,50,1
69,14,838,173,550,896,58,30,1
70,92,63,173,518,378,40,97,1
71,32,602,127,626,798,26,1,1
72,97,341,686,26,83,13,65,1
73,89,196,968,655,600,40,72,1
74,8,610,584,607,847,50,72,0
75,7,902,836,264,843,59,7,1
76,61,879,65,174,882,99,78,1
77,34,412,868,507,614,54,48,1
78,44,597,89,847,488,12,26,1
79,6,989,31,186,435,100,40,1
80,34,857,510,883,981,53,1,1
81,56,846,53,380,888,78,73,1
82,9,656,870,877,239,87,10,1
83,44,48,289,90,116,98,71,1
84,10,305,870,978,854,46,15,0
85,91,281,986,597,693,74,64,1
86,90,95,875,128,371,65,82,1
87,79,874,901,312,782,12,90,1
88,68,966,65,419,507,68,76,1
89,5,338,794,521,634,19,50,0
90,2,176,322,271,198,25,24,0
91,23,393,718,603,456,80,13,1
92,73,374,524,256,982,65,97,1
93,23,352,272,960,955,28,29,0
94,53,678,689,876,607,53,42,1
95,49,524,483,739,308,51,63,1
96,36,36,379,150,584,26,76,1
97,62,421,596,41,191,69,86,1
98,82,892,843,371,184,31,81,1
99,66,292,283,897,143,53,43,1
100,96,674,991,747,471,10,9,1
101,4,661,478,951,288,69,66,1
102,9,975,839,719,782,31,100,0
103,70,579,80,412,271,59,40,1
104,48,626,244,899,75,99,15,1
105,13,496,557,664,493,24,15,0
106,5,898,160,367,380,99,97,1
107,51,771,291,974,695,39,13,1
108,42,12,806,252,304,44,14,1
109,31,534,619,161,263,78,98,1
110,15,372,437,38,907,20,25,0
111,54,172,517,467,108,42,18,1
112,32,170,193,916,303,31,2,1
113,51,154,376,379,549,100,36,1
114,27,129,999,625,917,60,37,1
115,36,384,87,269,530,47,32,1
116,69,29,398,423,185,26,9,1
117,56,571,186,570,917,45,80,1
118,20,985,647,410,35,80,47,1
119,25,380,883,665,946,75,94,1
120,35,410,577,677,533,39,4,1
121,52,422,394,329,5,15,6,1
122,20,573,680,844,189,75,88,1
123,56,354,949,829,310,31,7,1
124,90,194,110,706,272,25,43,1
125,6,695,753,807,630,28,68,0
126,19,308,704,523,453,50,57,0
127,55,662,109,492,333,45,59,1
128,95,637,201,783,268,68,46,1
129,38,136,884,579,376,61,34,1
130,25,537,741,927,174,63,44,1
131,93,243,983,742,922,82,13,1
132,52,582,468,803,255,64,31,1
133,26,863,168,713,387,46,21,0
134,35,979,880,717,51,42,50,1
135,39,394,421,677,769,49,4,1
136,30,13,355,129,974,7,39,0
137,58,228,302,785,618,45,54,1
138,67,295,476,226,88,17,68,1
139,10,466,132,745,442,14,92,0
140,11,926,332,270,468,13,60,0
141,22,461,330,677,720,46,83,0
142,7,747,359,264,159,59,85,1
143,4,794,234,75,430,78,59,1
144,72,629,214,749,303,18,26,1
145,11,10,644,818,9,1,9,0
146,38,740,175,292,298,88,45,1
147,26,391,98,723,581,83,79,1
148,66,321,711,649,297,7,44,1
149,81,915,952,306,885,41,88,1
150,76,169,450,265,328,47,71,1
151,20,135,312,853,812,7,89,0
152,99,454,709,612,759,100,13,1
153,65,485,110,240,908,84,3,1
154,23,959,413,839,138,5,4,0
155,78,665,406,288,452,12,100,1
156,31,12,460,297,855,28,29,1
157,46,388,80,984,340,39,73,1
158,60,601,596,75,439,72,43,1
159,28,636,847,632,495,9,78,0
160,73,77,489,788,286,40,87,1
161,96,313,954,453,604,54,50,1
162,79,495,820,26,814,21,27,1
163,68,417,747,601,71,80,34,1
164,87,538,673,985,584,50,77,1
165,80,76,598,857,322,88,54,1
166,47,386,821,613,35,36,64,1
167,21,286,133,571,162,44,87,0
168,74,538,867,860,887,9,52,1
169,72,693,412,219,585,8,16,1
170,51,880,975,683,661,54,93,1
171,5,975,708,340,377,73,98,1
172,3,767,280,894,223,61,34,1
173,49,885,131,814,165,37,18,1
174,40,153,654,936,197,80,55,1
175,97,147,445,75,153,77,70,1
176,43,419,151,956,652,72,64,1
177,82,729,302,556,342,11,3,1
178,79,785,53,660,539,11,50,1
179,76,975,496,211,581,47,25,1
180,92,677,714,274,107,3,31,1
181,58,452,545,214,442,97,92,1
182,14,768,380,41,844,37,81,0
183,59,119,217,76,316,33,57,1
184,32,481,395,711,65,92,43,1
185,76,898,650,371,744,2,84,1
186,18,757,226,16,240,64,29,1
187,77,181,148,958,655,33,22,1
188,93,332,717,520,665,79,5,1
189,14,657,677,738,715,64,96,1
190,22,344,498,854,739,44,22,0
191,23,925,437,876,516,16,60,0
192,80,278,824,601,477,73,26,1
193,32,534,810,499,267,46,52,1
194,21,462,815,769,324,28,63,0
195,50,281,461,595,810,55,59,1
196,46,913,596,799,674,96,77,1
197,53,205,670,453,346,13,20,1
198,55,614,581,437,835,11,51,1
199,79,940,135,857,514,81,57,1
200,1,741,431,280,591,52,64,1
201,60,854,661,964,407,1,40,1
202,61,375,890,420,341,84,77,1
203,47,336,747,264,429,9,41,1
204,79,329,76,425,169,61,21,1
205,2,640,435,289,742,91,97,1
206,64,865,63,356,347,26,2,1
207,52,156,842,389,705,62,53,1
208,99,682,64,756,787,28,20,1
209,23,317,393,883,381,67,51,1
210,68,546,586,1000,240,98,28,1
211,50,7,796,731,923,96,26,1
212,72,584,44,336,195,64,61,1
213,5,674,246,69,583,65,35,1
214,98,219,203,767,719,1,95,1
215,53,117,677,967,290,23,58,1
216,62,339,989,688,441,81,17,1
217,47,458,646,10,457,43,66,1
218,98,800,114,72,541,65,75,1
219,50,235,757,646,367,13,16,1
220,61,261,698,620,809,74,29,1
221,59,328,105,526,115,27,89,1
222,10,531,425,958,449,71,56,1
223,36,619,515,82,266,67,73,1
224,47,483,497,269,515,64,20,1
225,96,888,334,753,305,55,85,1
226,83,40,855,445,880,5,89,1
227,71,774,792,658,791,10,91,1
228,95,708,857,374,314,9,73,1
229,20,280,329,146,998,5,44,0
230,32,531,800,195,767,11,71,1
231,26,353,107,160,987,94,100,1
232,24,133,571,644,622,9,92,0
233,69,308,41,698,378,88,43,1
234,13,204,321,977,866,74,50,1
235,37,131,783,641,388,5,6,1
236,22,818,504,946,564,24,66,0
237,70,85,400,943,995,79,17,1
238,84,880,742,274,454,58,61,1
239,34,501,714,527,729,79,26,1
240,55,18,118,246,361,63,75,1
241,22,558,402,149,980,59,70,1
242,55,235,175,508,381,35,85,1
243,31,15,190,783,348,62,43,1
244,38,103,990,567,968,57,75,1
245,98,635,414,27,206,60,83,1
246,64,873,267,14,226,52,23,1
247,37,256,513,871,55,68,53,1
248,93,792,271,232,297,23,91,1
249,6,649,718,511,238,65,7,1
250,28,354,479,689,499,25,89,0
251,5,500,436,693,347,62,72,1
252,43,882,819,844,935,81,100,1
253,22,73,550,232,970,44,99,0
254,2,408,395,538,77,85,36,1
255,64,435,434,292,929,94,50,1
256,83,795,536,113,194,62,69,1
257,86,312,980,9,936,81,86,1
258,1,327,710,421,923,70,78,1
259,44,835,125,29,981,51,87,1
260,69,96,251,411,56,12,79,1
261,9,708,592,969,106,38,62,0
262,36,991,827,813,223,68,70,1
263,76,318,21,120,545,27,25,1
264,10,982,870,767,844,23,89,0
265,34,537,562,89,90,25,49,1
266,67,728,645,24,55,89,20,1
267,22,608,896,793,727,4,58,0
268,2,846,458,321,342,51,14,1
269,81,405,142,629,930,82,96,1
270,5,737,42,46,205,54,25,1
271,3,665,630,379,31,10,65,0
272,27,907,699,869,571,16,74,0
273,20,340,199,520,728,25,87,0
274,5,992,539,806,979,12,92,0
275,22,404,18,249,501,36,74,0
276,93,518,203,494,465,45,14,1
277,100,37,214,922,862,51,2,1
278,79,825,217,906,656,54,93,1
279,57,85,440,697,985,26,42,1
280,50,418,534,411,230,77,54,1
281,48,223,313,895,606,45,89,1
282,30,247,897,276,346,94,73,1
283,60,798,542,29,657,62,49,1
284,30,334,113,959,60,14,23,0
285,13,210,275,900,645,31,100,0
286,66,941,359,764,457,83,47,1
287,75,356,300,45,763,53,60,1
288,77,482,618,290,887,95,83,1
289,57,163,837,420,555,17,18,1
290,61,49,372,293,94,1,92,1
291,88,361,316,474,847,35,5,1
292,84,355,106,421,453,19,29,1
293,67,666,17,797,491,38,4,1
294,15,401,312,208,667,47,17,0
295,42,614,89,751,377,58,73,1
296,5,655,542,567,259,5,9,0
297,1,283,611,605,913,25,76,0
298,27,44,237,422,555,40,36,0
299,94,520,993,933,375,65,61,1
300,24,748,441,491,439,66,9,1
301,98,620,161,255,668,70,65,1
302,43,324,955,995,815,91,23,1
303,62,391,511,101,370,1,26,1
304,66,790,355,957,892,2,69,1
305,21,393,175,92,818,34,87,0
306,6,408,324,773,448,9,44,0
307,4,421,139,596,676,61,56,1
308,74,734,218,204,293,53,42,1
309,84,236,991,839,796,3,44,1
310,15,763,203,276,319,92,32,1
311,39,671,458,820,518,58,45,1
312,30,862,552,956,820,51,54,1
313,19,327,27,299,863,9,27,0
314,69,803,112,261,263,96,13,1
315,5,959,321,241,729,74,92,1
316,91,45,928,717,738,84,39,1
317,73,514,464,778,207,37,46,1
318,46,300,646,54,769,5,45,1
319,96,660,706,991,743,42,31,1
320,97,828,240,72,636,83,13,1
321,39,197,908,850,274,13,32,1
322,22,164,217,28,29,71,36,1
323,10,777,824,986,473,65,2,1
324,36,208,423,82,875,51,23,1
325,2,2,195,249,705,6,54,0
326,50,315,785,523,41,69,52,1
327,95,438,761,938,385,60,36,1
328,9,783,319,453,848,69,94,1
329,37,742,811,471,870,31,96,1
330,56,723,106,345,775,90,82,1
331,34,390,211,732,953,46,95,1
332,68,14,600,306,753,78,15,1
333,83,744,298,642,345,61,74,1
334,96,811,768,752,152,69,1,1
335,40,528,398,898,544,29,59,1
336,16,501,29,5,477,11,23,0
337,75,775,643,837,723,29,77,1
338,78,248,421,895,722,62,53,1
339,79,824,21,192,842,56,16,1
340,90,91,280,885,965,20,17,1
341,48,65,550,229,435,29,99,1
342,96,394,430,509,51,96,73,1
343,57,823,660,284,820,48,22,1
344,69,818,219,418,790,92,86,1
345,7,154,883,904,684,25,12,0
346,5,1000,824,18,458,3,53,0
347,97,118,232,815,216,10,90,1
348,96,9,186,398,154,9,33,1
349,72,243,209,383,395,36,7,1
350,88,695,502,557,887,44,91,1
351,49,638,448,93,321,28,42,1
352,18,807,806,58,113,51,4,1
353,49,122,872,307,286,22,40,1
354,31,328,371,456,516,60,43,1
355,67,773,941,45,327,72,11,1
356,26,538,61,938,111,4,88,0
357,27,807,837,976,762,98,26,1
358,96,797,52,257,819,5,66,1
359,91,799,539,105,985,1,35,1
360,48,221,313,595,309,86,20,1
361,27,120,222,16,527,60,12,1
362,65,643,672,45,94,58,57,1
363,26,593,998,784,770,19,10,0
364,11,529,917,59,879,29,4,0
365,69,732,197,921,596,19,9,1
366,92,24,382,525,474,49,54,1
367,27,401,352,94,287,100,99,1
368,42,838,725,62,925,26,73,1
369,27,19,992,688,621,67,20,1
370,29,970,675,560,657,95,45,1
371,25,90,871,792,801,86,83,1
372,56,888,375,205,944,51,49,1
373,72,167,158,753,297,36,91,1
374,64,772,889,197,70,85,45,1
375,11,440,818,541,602,75,8,1
376,29,709,363,404,303,6,34,0
377,65,83,536,385,990,17,32,1
378,11,689,139,224,33,38,19,0
379,35,504,273,385,305,40,47,1
380,4,810,653,331,846,87,96,1
381,24,631,221,719,852,52,100,1
382,33,952,149,561,689,33,47,1
383,81,592,839,675,33,75,20,1
384,16,814,81,881,877,100,24,1
385,28,768,152,86,152,86,11,1
386,44,889,212,707,767,53,46,1
387,81,548,333,168,124,80,87,1
388,97,949,271,660,360,48,76,1
389,22,838,363,901,650,51,17,1
390,5,783,121,91,815,20,44,0
391,42,37,528,447,10,89,12,1
392,70,670,601,889,394,62,21,1
393,64,444,407,406,443,65,2,1
394,64,22,897,321,909,70,31,1
395,5,245,485,420,666,71,14,1
396,57,836,329,756,842,99,3,1
397,10,902,305,762,702,70,80,1
398,56,682,965,307,417,8,67,1
399,9,490,220,828,127,11,56,0
400,59,108,469,989,380,56,28,1
401,30,945,331,466,387,36,98,0
402,84,560,816,743,145,22,36,1
403,84,155,434,316,51,45,45,1
404,76,788,961,265,372,63,93,1
405,92,997,195,19,770,19,94,1
406,47,784,971,522,524,34,1,1
407,16,161,400,617,670,85,26,1
408,17,73,763,216,92,69,40,1
409,84,578,155,4,818,25,49,1
410,27,616,300,740,729,53,11,1
411,81,124,540,237,146,38,48,1
412,1,958,672,405,125,72,36,1
413,47,419,122,460,191,74,8,1
414,44,873,270,281,454,30,31,1
415,53,847,20,445,730,77,99,1
416,100,247,790,617,817,57,70,1
417,82,754,290,752,965,74,25,1
418,76,954,418,827,658,37,37,1
419,6,546,411,127,244,18,43,0
420,68,580,592,234,399,62,38,1
421,68,31,672,731,845,20,19,1
422,12,789,416,59,543,58,49,1
423,51,919,325,51,29,47,6,1
424,72,309,605,23,816,39,51,1
425,28,858,724,89,138,22,11,0
426,75,591,925,881,848,28,27,1
427,81,219,531,493,806,62,1,1
428,21,408,416,74,618,21,89,0
429,77,22,522,267,968,45,21,1
430,78,196,66,78,687,60,96,1
431,32,879,587,432,122,55,44,1
432,45,648,60,42,572,67,22,1
433,55,670,312,888,173,1,28,1
434,77,465,358,650,639,37,67,1
435,90,212,34,543,705,4,20,1
436,84,575,715,974,449,64,58,1
437,58,877,735,632,448,52,50,1
438,92,944,882,478,997,14,100,1
439,33,400,108,47,898,69,16,1
440,75,194,57,774,973,60,39,1
441,86,632,642,496,222,72,55,1
442,71,653,443,370,820,89,72,1
443,77,231,942,558,753,51,86,1
444,46,596,466,524,624,75,59,1
445,20,314,345,732,905,62,20,1
446,6,987,44,318,299,16,95,0
447,49,722,597,465,526,52,16,1
448,49,347,514,286,724,4,66,1
449,16,897,658,858,522,95,35,1
450,11,975,544,512,661,54,89,1
451,6,58,868,487,485,28,61,0
452,87,918,284,662,429,98,30,1
453,42,381,84,555,637,53,93,1
454,69,657,534,324,791,37,50,1
455,36,331,361,611,574,70,32,1
456,14,790,937,773,518,69,51,1
457,28,810,6,649,227,58,3,1
458,36,945,906,291,584,49,43,1
459,3,673,365,226,346,12,34,0
460,9,166,444,881,243,52,47,1
461,88,18,677,939,272,37,51,1
462,10,363,188,534,746,82,58,1
463,40,108,806,873,864,40,18,1
464,73,662,648,327,937,95,61,1
465,53,951,902,571,679,61,19,1
466,30,712,306,66,552,88,71,1
467,15,271,434,605,113,52,57,1
468,60,980,154,639,973,78,24,1
469,89,335,783,264,46,45,8,1
470,56,591,922,414,451,97,23,1
471,100,426,1000,767,710,13,13,1
472,26,816,165,880,26,80,91,1
473,38,179,949,686,551,11,44,1
474,57,698,448,946,288,35,49,1
475,60,707,936,149,302,48,93,1
476,20,756,382,336,441,1,6,0
477,26,402,655,806,523,75,97,1
478,56,929,726,271,802,39,24,1
479,35,710,465,701,368,18,100,1
480,68,620,451,277,209,47,3,1
481,24,291,399,627,50,44,49,0
482,82,80,85,336,155,28,50,1
483,23,617,820,779,957,97,67,1
484,1,384,248,239,797,37,10,0
485,91,500,383,491,892,22,8,1
486,36,385,143,902,412,28,25,1
487,19,911,225,87,358,61,52,1
488,66,73,792,21,542,29,87,1
489,28,812,154,158,794,58,54,1
490,90,421,664,637,987,32,62,1
491,51,994,120,937,975,61,66,1
492,83,295,335,556,359,52,11,1
493,90,135,59,856,223,7,1,1
494,69,803,503,523,425,11,68,1
495,20,780,720,67,662,45,77,0
496,81,50,153,305,997,35,43,1
497,52,391,407,898,200,4,23,1
498,88,892,406,318,258,35,72,1
499,99,865,80,110,598,51,28,1
500,31,501,684,120,201,58,84,1
501,39,252,493,964,512,28,87,1
502,54,453,474,982,726,71,100,1
503,69,231,925,713,718,56,28,1
504,10,251,978,755,232,11,51,0
505,9,718,463,334,954,26,85,0
506,39,426,600,928,138,39,35,1
507,86,42,816,707,863,25,3,1
508,28,72,797,290,466,24,5,0
509,59,765,140,517,929,21,58,1
510,24,397,326,177,842,69,13,1
511,68,393,594,102,147,27,42,1
512,15,790,901,859,518,4,42,0
513,92,558,773,951,49,99,45,1
514,75,351,316,218,435,92,13,1
515,26,996,974,959,464,87,10,1
516,78,696,19,231,685,98,46,1
517,50,998,42,274,744,93,1,1
518,29,541,61,182,966,9,69,0
519,90,892,899,445,564,27,63,1
520,40,884,921,257,77,60,51,1
521,5,408,155,7,426,24,25,0
522,48,500,813,20,700,33,69,1
523,2,991,269,164,112,54,32,1
524,97,233,818,970,373,28,42,1
525,73,710,113,506,490,31,3,1
526,50,255,594,919,881,71,44,1
527,45,304,901,265,892,9,58,1
528,55,603,410,871,115,1,93,1
529,60,382,72,709,575,79,52,1
530,37,527,387,925,742,56,19,1
531,17,305,980,972,660,44,96,0
532,7,513,876,436,546,70,32,1
533,66,862,757,185,590,83,87,1
534,9,723,460,590,191,86,53,1
535,3,715,682,882,666,68,43,1
536,30,28,716,290,431,53,40,1
537,1,514,43,224,248,34,76,0
538,99,975,848,979,131,63,92,1
539,17,354,297,380,890,25,65,0
540,91,856,241,482,426,3,41,1
541,47,897,207,819,35,97,59,1
542,89,977,601,108,93,52,66,1
543,18,704,180,388,945,34,53,0
544,70,251,50,143,401,83,96,1
545,40,554,898,113,259,5,2,1
546,42,21,212,830,167,25,55,1
547,100,866,648,72,521,96,32,1
548,49,955,186,366,610,13,71,1
549,41,833,164,800,758,82,30,1
550,10,754,456,845,308,30,89,0
551,30,18,314,539,463,1,57,0
552,53,592,172,355,406,57,100,1
553,82,641,996,14,136,89,44,1
554,78,392,822,589,212,92,57,1
555,77,977,552,481,795,44,21,1
556,70,661,515,643,17,30,50,1
557,38,827,211,419,211,35,7,1
558,26,864,231,669,144,79,87,1
559,57,32,564,268,179,53,24,1
560,82,14,287,958,829,4,30,1
561,49,305,378,77,586,38,64,1
562,69,356,690,290,592,3,93,1
563,11,857,564,147,376,97,73,1
564,14,265,907,579,430,84,73,1
565,23,183,866,419,306,62,11,1
566,20,125,480,288,969,33,46,0
567,8,342,164,370,808,64,37,1
568,91,611,633,169,560,74,90,1
569,60,232,542,306,440,82,95,1
570,79,31,871,406,373,4,92,1
571,45,869,161,965,307,65,13,1
572,95,288,550,811,720,90,21,1
573,73,597,563,683,231,69,28,1
574,8,770,195,813,734,33,33,0
575,11,542,771,897,900,4,96,0
576,17,969,958,749,319,68,89,1
577,94,36,991,202,3,47,4,1
578,98,298,349,222,87,36,34,1
579,68,940,130,54,673,54,56,1
580,90,365,86,675,466,84,68,1
581,44,438,43,422,489,66,34,1
582,37,523,65,243,35,32,11,1
583,1,699,687,39,814,79,84,1
584,57,923,233,388,578,99,35,1
585,27,209,813,308,843,85,9,1
586,69,365,855,434,396,78,23,1
587,100,859,465,476,618,90,95,1
588,12,642,677,964,890,51,32,1
589,93,540,50,435,66,72,72,1
590,62,585,958,954,60,49,91,1
591,45,374,247,927,270,15,81,1
592,94,83,426,834,444,19,57,1
593,69,388,3,400,579,13,56,1
594,40,797,52,215,122,12,22,1
595,32,287,953,859,113,31,100,1
596,10,135,556,672,486,25,74,0
597,49,156,227,243,715,25,5,1
598,69,837,760,670,5,27,87,1
599,39,851,446,491,379,54,85,1
600,4,292,834,673,467,45,5,0
601,13,50,802,34,649,78,8,1
602,69,166,455,422,127,95,72,1
603,67,945,486,986,901,72,83,1
604,25,857,606,286,124,70,86,1
605,74,226,410,342,753,93,27,1
606,31,956,310,948,311,65,31,1
607,76,769,358,578,600,77,88,1
608,60,594,441,829,982,7,27,1
609,45,241,697,984,937,52,37,1
610,67,747,867,780,989,66,39,1
611,85,331,901,738,804,20,45,1
612,1,289,606,194,84,28,93,0
613,21,256,222,586,997,62,35,1
614,79,802,141,434,263,62,7,1
615,70,819,364,499,890,64,75,1
616,4,245,749,501,42,64,34,1
617,52,974,125,971,411,59,31,1
618,100,178,555,193,500,97,17,1
619,73,425,244,803,146,59,87,1
620,84,546,818,587,616,89,6,1
621,24,640,932,483,95,17,100,0
622,60,952,904,311,29,95,65,1
623,98,769,499,714,871,95,80,1
624,46,362,293,197,844,42,17,1
625,9,115,685,382,315,84,42,1
626,30,499,546,602,228,40,41,0
627,41,875,383,30,575,60,63,1
628,19,33,992,855,410,27,2,0
629,42,438,561,680,619,28,6,1
630,37,591,339,732,771,90,38,1
631,64,165,76,817,795,70,6,1
632,81,538,382,963,187,27,2,1
633,10,173,669,533,66,84,88,1
634,93,182,355,751,958,55,75,1
635,18,3,475,604,954,46,77,0
636,87,401,990,687,374,57,37,1
637,15,745,542,321,300,84,73,1
638,20,766,181,634,738,65,20,1
639,17,380,411,961,187,19,61,0
640,20,341,890,729,904,93,94,1
641,14,695,883,60,153,73,26,1
642,7,18,898,255,438,29,44,0
643,69,224,296,731,244,27,64,1
644,6,883,516,584,485,42,75,0
645,81,669,904,675,472,7,44,1
646,73,900,152,690,690,29,88,1
647,4,181,215,781,297,26,78,0
648,59,888,334,996,213,18,10,1
649,63,159,736,326,700,85,6,1
650,56,673,153,745,135,50,7,1
651,87,710,201,824,230,98,62,1
652,45,270,745,200,754,90,20,1
653,73,88,65,940,163,78,75,1
654,10,953,672,303,306,8,51,0
655,40,620,865,19,743,30,47,1
656,100,682,119,1000,522,90,66,1
657,99,610,67,580,85,66,52,1
658,72,687,738,220,97,67,38,1
659,25,770,950,385,951,55,65,1
660,53,172,235,612,36,39,31,1
661,4,361,269,984,562,88,49,1
662,80,758,838,559,339,54,95,1
663,27,235,453,616,902,74,27,1
664,11,482,683,758,959,40,67,0
665,79,271,115,433,820,94,49,1
666,75,41,418,716,199,60,52,1
667,78,910,289,747,502,43,47,1
668,38,784,615,608,256,42,89,1
669,33,981,275,474,168,81,42,1
670,41,709,922,17,287,12,15,1
671,21,688,561,25,707,52,18,1
672,28,833,573,236,275,80,92,1
673,64,771,411,779,38,49,30,1
674,100,829,834,871,565,23,5,1
675,10,575,619,886,983,92,97,1
676,77,271,531,204,42,99,43,1
677,93,786,101,489,948,90,68,1
678,20,908,664,473,530,21,17,0
679,45,356,866,248,63,54,19,1
680,37,407,124,885,320,99,85,1
681,58,411,4,411,513,84,27,1
682,52,472,73,635,850,74,11,1
683,71,106,298,483,697,16,95,1
684,54,586,10,381,645,35,67,1
685,82,10,406,611,583,94,60,1
686,74,558,881,751,574,41,56,1
687,44,669,350,839,332,4,76,1
688,5,166,824,497,391,41,57,0
689,14,505,81,834,889,1,71,0
690,87,253,783,661,282,85,40,1
691,24,981,96,958,554,56,97,1
692,68,907,511,631,299,72,91,1
693,28,245,867,68,53,78,14,1
694,23,348,777,115,712,60,38,1
695,4,886,861,567,177,12,8,0
696,24,85,854,821,228,58,78,1
697,8,515,104,456,119,91,75,1
698,64,313,154,555,258,10,20,1
699,78,31,799,52,384,11,39,1
700,94,110,99,333,759,79,70,1
701,24,80,968,744,669,64,88,1
702,84,462,598,56,703,61,36,1
703,69,797,74,286,813,11,43,1
704,40,73,10,935,645,53,36,1
705,86,142,87,292,825,40,63,1
706,77,194,485,193,603,92,60,1
707,37,497,103,923,923,9,34,1
708,92,53,887,808,959,1,38,1
709,24,971,960,460,565,36,99,0
710,30,782,915,104,259,89,100,1
711,68,913,700,186,89,72,2,1
712,92,702,355,8,414,84,33,1
713,19,506,43,31,344,49,60,0
714,22,457,66,438,394,36,34,0
715,34,414,693,512,551,62,86,1
716,56,947,532,507,481,12,16,1
717,100,349,12,384,170,44,37,1
718,66,606,65,498,139,90,50,1
719,6,363,836,97,589,78,53,1
720,19,329,486,18,608,12,27,0
721,17,956,721,379,892,22,25,0
722,40,991,43,360,781,76,88,1
723,7,801,253,158,75,71,29,1
724,99,569,885,768,537,72,73,1
725,45,305,188,114,278,15,10,1
726,52,961,436,923,636,50,58,1
727,52,456,435,409,818,72,16,1
728,58,697,755,474,432,66,75,1
729,98,437,733,690,604,94,67,1
730,85,718,956,674,818,46,40,1
731,80,685,857,981,731,90,12,1
732,3,634,912,893,5,84,86,1
733,5,981,533,65,402,39,3,0
734,48,964,824,579,610,79,39,1
735,91,472,118,181,540,24,15,1
736,90,551,659,35,281,61,30,1
737,32,611,491,209,861,84,79,1
738,90,473,89,369,29,94,56,1
739,35,200,457,666,642,25,95,1
740,92,495,930,470,602,11,98,1
741,76,808,440,636,781,35,57,1
742,66,111,791,318,691,60,22,1
743,47,363,761,300,652,55,77,1
744,44,850,327,675,933,70,24,1
745,4,673,867,702,507,26,51,0
746,53,618,265,937,138,19,4,1
747,44,568,625,869,677,38,48,1
748,24,109,544,358,946,85,76,1
749,62,885,425,949,340,60,27,1
750,94,7,656,759,245,42,13,1
751,31,280,813,56,229,94,16,1
752,95,213,445,925,444,50,72,1
753,7,111,530,17,176,14,14,0
754,69,608,82,45,975,7,48,1
755,63,519,343,456,856,78,42,1
756,45,776,5,432,983,96,11,1
757,45,683,851,816,797,20,83,1
758,38,436,517,724,956,43,70,1
759,75,23,45,469,105,70,22,1
760,7,623,473,501,409,63,25,1
761,35,900,388,512,935,63,12,1
762,34,739,809,280,584,75,42,1
763,81,660,147,708,50,13,86,1
764,48,590,937,649,457,78,80,1
765,77,394,546,4,260,27,17,1
766,26,522,79,138,618,98,43,1
767,91,205,632,742,263,74,21,1
768,32,678,612,840,486,27,87,1
769,29,650,501,557,455,3,56,0
770,30,994,5,857,465,4,41,0
771,22,156,100,48,567,38,23,0
772,4,300,795,390,590,19,68,0
773,17,925,645,610,612,6,33,0
774,29,771,417,645,755,38,32,0
775,11,433,636,183,828,100,77,1
776,18,37,466,225,337,74,77,1
777,57,55,715,674,894,57,7,1
778,59,356,485,964,836,59,72,1
779,25,32,211,441,932,84,66,1
780,38,961,638,586,794,54,57,1
781,50,627,299,802,594,18,87,1
782,16,349,435,970,826,2,47,0
783,25,401,166,184,399,98,43,1
784,37,660,909,259,351,14,12,1
785,64,266,702,85,81,30,22,1
786,16,836,141,61,434,84,43,1
787,93,516,210,536,546,17,54,1
788,35,339,652,324,828,1,82,1
789,53,161,33,778,801,81,56,1
790,66,161,412,882,34,7,73,1
791,6,320,49,688,79,27,71,0
792,40,447,271,465,188,91,85,1
793,8,427,767,962,167,65,71,1
794,99,949,943,560,164,45,58,1
795,71,349,838,153,467,41,81,1
796,70,781,321,889,335,69,30,1
797,67,413,711,594,835,43,43,1
798,40,43,580,899,556,80,27,1
799,16,519,750,910,629,46,58,0
800,25,231,194,808,13,88,51,1
801,38,421,10,741,179,52,11,1
802,45,374,501,601,874,63,99,1
803,96,764,212,459,697,19,55,1
804,29,419,76,893,66,72,86,1
805,66,982,347,134,74,22,7,1
806,100,896,699,976,747,25,66,1
807,64,437,578,354,672,7,32,1
808,19,149,922,278,591,64,62,1
809,81,979,882,796,227,83,54,1
810,41,87,255,242,811,13,61,1
811,90,367,659,83,724,96,9,1
812,68,294,290,359,281,81,16,1
813,54,553,961,940,583,27,87,1
814,4,14,210,177,295,35,52,0
815,41,271,541,926,511,12,85,1
816,22,711,867,641,780,98,69,1
817,74,299,859,219,162,36,56,1
818,64,88,602,589,873,27,83,1
819,82,381,522,538,421,67,7,1
820,69,247,936,3,742,68,34,1
821,6,154,45,150,892,1,80,0
822,15,148,573,895,233,26,55,0
823,15,325,796,923,527,83,28,1
824,46,865,799,791,303,33,32,1
825,79,576,937,220,523,21,16,1
826,19,483,34,256,367,66,52,1
827,73,620,555,987,78,78,29,1
828,67,203,237,851,180,20,12,1
829,95,545,710,328,513,87,74,1
830,29,781,51,494,441,4,100,0
831,86,878,489,898,871,66,21,1
832,81,812,279,358,114,11,67,1
833,94,424,480,513,308,2,26,1
834,93,923,645,436,520,93,6,1
835,69,209,723,905,493,20,31,1
836,41,347,775,720,86,71,57,1
837,96,628,845,553,467,26,41,1
838,13,530,219,861,566,39,72,0
839,70,768,704,59,79,64,14,1
840,63,852,796,725,413,84,22,1
841,9,412,279,572,944,56,82,1
842,79,679,177,48,147,8,7,1
843,27,816,186,921,724,56,6,1
844,26,532,514,198,132,99,17,1
845,23,409,212,828,871,69,11,1
846,24,452,870,341,194,14,71,0
847,28,973,679,381,938,26,93,0
848,90,462,151,107,609,45,94,1
849,15,567,847,676,853,98,49,1
850,63,314,227,675,560,87,45,1
851,63,651,605,768,802,61,72,1
852,79,309,94,982,115,20,34,1
853,63,785,14,248,517,31,35,1
854,34,999,669,583,250,65,32,1
855,18,992,722,497,968,2,50,0
856,1,699,818,787,325,27,91,0
857,50,76,694,558,135,91,66,1
858,26,321,75,718,88,74,18,1
859,39,713,868,323,195,4,96,1
860,18,407,627,116,328,43,87,0
861,67,64,780,197,680,49,84,1
862,28,960,326,579,230,29,50,0
863,53,321,555,946,231,33,92,1
864,47,803,107,946,638,31,99,1
865,84,269,669,485,301,99,44,1
866,77,899,432,42,69,34,80,1
867,69,358,362,229,415,27,54,1
868,39,613,604,762,566,65,94,1
869,79,697,620,545,919,26,8,1
870,71,595,920,653,862,44,1,1
871,51,599,808,232,981,83,94,1
872,3,467,162,115,418,96,17,1
873,22,553,383,41,503,27,38,0
874,52,512,143,429,129,35,25,1
875,24,293,443,105,902,16,32,0
876,50,553,794,976,377,13,1,1
877,40,835,105,704,914,34,6,1
878,54,237,986,598,830,5,38,1
879,46,113,126,488,666,34,20,1
880,81,880,403,485,690,70,33,1
881,69,445,122,222,485,18,26,1
882,36,279,296,542,886,21,22,1
883,23,35,147,435,769,28,57,0
884,1,379,716,398,140,82,26,1
885,24,143,348,473,867,1,71,0
886,95,507,538,116,719,28,9,1
887,26,312,536,505,122,3,97,0
888,23,496,615,393,370,51,46,1
889,57,461,146,969,132,71,38,1
890,10,163,86,883,561,54,80,1
891,20,743,185,990,99,45,41,0
892,43,883,898,55,15,73,46,1
893,75,760,649,502,979,12,23,1
894,74,638,701,695,247,8,47,1
895,72,592,690,331,485,30,52,1
896,94,469,354,992,538,38,5,1
897,93,92,979,390,861,79,90,1
898,83,862,314,397,948,92,85,1
899,97,760,225,754,203,91,12,1
900,99,636,295,919,359,87,24,1
901,69,808,914,93,315,81,2,1
902,60,419,38,295,780,66,86,1
903,87,305,340,197,136,63,37,1
904,93,45,379,125,766,70,82,1
905,23,638,412,137,250,97,34,1
906,44,292,409,628,63,68,81,1
907,31,110,372,241,969,46,41,1
908,39,504,45,263,719,36,38,1
909,9,36,852,416,150,71,94,1
910,75,431,548,547,479,23,49,1
911,70,211,971,718,783,23,14,1
912,41,731,594,416,672,92,2,1
913,71,424,74,219,791,76,43,1
914,72,287,136,396,458,73,57,1
915,41,821,568,413,957,46,92,1
916,1,322,613,451,331,34,78,0
917,85,444,65,453,374,71,89,1
918,46,432,167,548,437,24,95,1
919,51,535,162,281,954,1,39,1
920,74,344,380,813,62,84,71,1
921,73,584,385,630,189,65,62,1
922,39,491,643,399,872,45,94,1
923,51,788,432,319,733,65,86,1
924,53,936,262,641,373,42,75,1
925,66,358,740,280,239,95,46,1
926,19,352,960,3,560,100,32,1
927,61,869,188,9,470,69,99,1
928,60,120,358,648,602,29,92,1
929,42,869,736,103,177,96,96,1
930,47,588,914,356,321,40,54,1
931,63,583,867,84,896,66,42,1
932,17,807,276,979,445,28,18,0
933,32,492,159,861,291,18,46,1
934,2,930,801,918,735,72,55,1
935,21,852,600,234,856,2,66,0
936,3,921,419,221,705,56,21,1
937,97,854,838,68,56,90,55,1
938,93,838,120,604,208,80,32,1
939,15,375,880,682,222,24,13,0
940,53,664,810,406,210,4,4,1
941,71,856,235,935,177,67,38,1
942,57,704,171,666,55,88,29,1
943,79,631,681,974,924,39,38,1
944,82,376,821,314,700,99,84,1
945,28,662,844,745,495,80,67,1
946,94,580,890,899,123,99,47,1
947,84,625,802,671,45,71,73,1
948,75,952,286,139,865,99,37,1
949,99,643,200,258,801,40,64,1
950,97,667,526,431,468,38,12,1
951,6,765,139,477,820,34,56,0
952,15,754,305,377,666,37,51,0
953,60,828,357,380,624,1,17,1
954,5,810,468,651,537,56,64,1
955,11,449,788,823,123,39,26,0
956,21,753,518,67,200,37,56,0
957,79,264,403,266,814,83,91,1
958,65,84,293,729,558,83,22,1
959,69,344,856,742,155,47,18,1
960,57,289,419,5,283,49,4,1
961,50,340,866,699,523,40,12,1
962,70,394,951,456,64,96,75,1
963,92,846,396,652,333,85,89,1
964,37,887,246,647,687,94,12,1
965,57,212,227,268,652,31,19,1
966,40,764,118,128,551,99,17,1
967,14,66,500,633,846,95,21,1
968,71,915,42,995,667,57,84,1
969,55,835,113,995,218,8,79,1
970,92,198,704,462,13,61,81,1
971,27,14,920,913,929,25,72,0
972,57,177,540,281,428,23,38,1
973,4,81,935,657,481,2,98,0
974,43,92,72,246,212,14,46,1
975,1,915,703,657,429,83,8,1
976,6,186,886,716,651,68,87,1
977,11,825,583,568,566,86,96,1
978,39,361,786,574,367,57,47,1
979,6,341,107,620,342,28,29,0
980,68,897,756,569,233,15,1,1
981,68,699,937,598,309,85,64,1
982,1,137,841,919,380,44,75,0
983,49,508,578,285,281,48,13,1
984,86,593,936,893,892,70,27,1
985,45,822,723,178,195,79,46,1
986,90,986,567,678,459,59,23,1
987,19,79,912,970,51,49,12,0
988,21,461,75,370,543,60,9,1
989,69,747,982,507,173,71,88,1
990,6,326,155,229,120,85,9,1
991,81,696,489,974,526,62,13,1
992,100,892,934,54,550,72,5,1
993,36,799,276,692,284,47,75,1
994,20,420,640,436,59,31,27,0
995,4,733,511,199,818,2,1,0
996,79,966,886,135,881,87,85,1
997,69,47,344,944,216,3,44,1
998,16,556,104,896,958,49,97,0
999,8,169,944,95,874,6,26,0
1000,28,419,207,211,164,93,99,1
1001,4,292,112,290,838,26,53,1
1002,49,197,677,652,349,37,58,1
1003,6,281,816,863,271,73,11,1
1004,75,699,592,496,937,37,55,1
1005,7,859,10,401,928,80,78,1
1006,94,648,816,592,420,9,95,1
1007,40,661,653,846,392,36,19,1
1008,81,380,670,945,165,46,85,1
1009,21,271,437,568,245,1,9,1
1010,40,695,416,998,306,56,52,1
1011,31,347,39,332,585,42,1,1
1012,67,226,76,353,816,88,15,0
1013,53,569,861,708,122,23,54,1
1014,19,181,355,943,481,15,29,1
1015,19,84,379,85,836,21,37,1
1016,67,989,944,45,388,65,72,1
1017,99,181,643,661,25,89,99,0
1018,69,733,65,780,285,33,96,1
1019,81,85,742,449,287,35,3,1
1020,89,753,953,808,258,35,7,0
1021,19,313,579,662,577,10,18,1
1022,9,129,648,369,196,66,9,1
1023,96,500,803,83,109,47,14,1
1024,4,986,890,471,585,57,14,1
1025,45,305,407,697,950,19,12,1
1026,21,880,573,233,25,60,11,0
1027,75,850,130,606,262,83,55,1
1028,39,885,450,458,205,2,36,0
1029,10,225,497,849,911,54,92,1
1030,17,18,193,387,449,25,14,1
1031,28,519,185,573,939,52,36,0
1032,81,203,383,271,396,47,98,0
1033,81,133,844,462,542,36,75,1
1034,36,485,965,569,223,30,26,0
1035,87,546,845,488,578,3,70,1
1036,63,10,276,101,165,20,59,1
1037,70,339,395,115,302,37,24,1
1038,97,472,736,952,756,69,1,1
1039,74,592,493,985,743,17,36,1
1040,57,977,971,853,84,60,3,1
1041,45,682,465,709,735,94,11,1
1042,44,771,120,533,340,97,98,1
1043,53,716,72,120,150,64,77,0
1044,58,642,435,458,385,45,77,1
1045,79,807,552,823,578,75,52,1
1046,17,886,694,726,975,54,68,0
1047,6,660,324,194,357,75,97,1
1048,6,159,702,834,939,57,89,1
1049,63,182,943,806,313,11,67,1
1050,43,76,119,742,427,42,53,1
1051,52,496,180,776,726,17,58,1
1052,76,447,358,447,711,25,41,1
1053,58,29,400,546,950,14,72,1
1054,39,693,704,868,502,46,55,1
1055,45,551,726,167,905,34,83,1
1056,66,959,649,256,358,7,25,1
1057,16,156,721,548,86,71,87,1
1058,29,315,104,639,178,44,50,1
1059,78,142,693,960,751,52,43,1
1060,24,981,992,989,258,91,25,0
1061,16,312,625,34,501,81,66,1
1062,97,586,262,49,71,49,37,1
1063,50,865,347,598,368,37,21,0
1064,55,508,796,416,38,75,29,0
1065,26,879,154,530,448,90,59,1
1066,82,401,834,476,610,88,2,1
1067,53,669,557,862,164,34,55,1
1068,16,649,98,837,511,73,50,0
1069,74,80,290,550,896,58,30,0
1070,84,638,151,518,378,40,97,1
1071,79,83,978,626,798,26,1,1
1072,4,420,690,26,83,13,65,1
1073,100,156,349,655,600,40,72,1
1074,70,349,435,607,847,50,72,1
1075,86,391,217,264,843,59,7,0
1076,17,358,125,174,882,99,78,1
1077,24,304,479,507,614,54,48,0
1078,4,857,571,847,488,12,26,1
1079,76,747,818,186,435,100,40,1
1080,15,166,801,883,981,53,1,1
1081,66,235,780,380,888,78,73,1
1082,19,591,954,877,239,87,10,1
1083,97,707,186,90,116,98,71,1
1084,68,897,783,978,854,46,15,1
1085,38,837,84,597,693,74,64,1
1086,94,405,316,128,371,65,82,1
1087,93,424,135,312,782,12,90,1
1088,5,524,605,419,507,68,76,1
1089,74,177,235,521,634,19,50,1
1090,24,643,207,271,198,25,24,1
1091,27,788,270,603,456,80,13,1
1092,50,865,868,256,982,65,97,1
1093,73,783,810,960,955,28,29,1
1094,74,782,412,876,607,53,42,1
1095,68,971,994,739,308,51,63,1
1096,23,264,227,150,584,26,76,1
1097,70,421,251,41,191,69,86,1
1098,6,936,212,371,184,31,81,0
1099,38,952,991,897,143,53,43,1
1100,86,14,412,747,471,10,9,1
1101,10,299,256,951,288,69,66,0
1102,80,289,210,719,782,31,100,1
1103,15,816,237,412,271,59,40,1
1104,63,352,365,899,75,99,15,1
1105,93,14,52,664,493,24,15,1
1106,63,718,335,367,380,99,97,1
1107,12,728,186,974,695,39,13,1
1108,93,401,515,252,304,44,14,1
1109,86,797,10,161,263,78,98,1
1110,47,661,1000,38,907,20,25,0
1111,1,383,950,467,108,42,18,1
1112,47,241,398,916,303,31,2,1
1113,98,846,376,379,549,100,36,1
1114,100,785,211,625,917,60,37,1
1115,69,711,66,269,530,47,32,0
1116,6,650,937,423,185,26,9,1
1117,75,723,72,570,917,45,80,1
1118,20,280,913,410,35,80,47,1
1119,34,365,867,665,946,75,94,0
1120,70,265,321,677,533,39,4,1
1121,49,953,844,329,5,15,6,1
1122,24,636,42,844,189,75,88,1
1123,48,43,236,829,310,31,7,1
1124,100,354,319,706,272,25,43,1
1125,4,401,432,807,630,28,68,0
1126,82,534,76,523,453,50,57,1
1127,1,823,855,492,333,45,59,1
1128,2,900,587,783,268,68,46,1
1129,92,342,682,579,376,61,34,1
1130,10,918,476,927,174,63,44,0
1131,90,907,96,742,922,82,13,1
1132,67,87,580,803,255,64,31,0
1133,23,578,697,713,387,46,21,1
1134,79,899,105,717,51,42,50,1
1135,82,902,842,677,769,49,4,1
1136,78,974,934,129,974,7,39,1
1137,87,437,99,785,618,45,54,1
1138,23,756,534,226,88,17,68,1
1139,6,608,209,745,442,14,92,1
1140,9,902,867,270,468,13,60,1
1141,35,361,210,677,720,46,83,1
1142,36,923,207,264,159,59,85,1
1143,72,349,43,75,430,78,59,0
1144,37,361,426,749,303,18,26,1
1145,78,585,542,818,9,1,9,1
1146,26,792,27,292,298,88,45,1
1147,18,545,244,723,581,83,79,1
1148,55,940,511,649,297,7,44,1
1149,49,631,158,306,885,41,88,0
1150,96,594,171,265,328,47,71,1
1151,45,770,808,853,812,7,89,0
1152,55,518,632,612,759,100,13,1
1153,49,656,43,240,908,84,3,1
1154,14,873,288,839,138,5,4,0
1155,23,712,199,288,452,12,100,1
1156,24,85,436,297,855,28,29,1
1157,96,198,354,984,340,39,73,1
1158,38,391,761,75,439,72,43,1
1159,67,314,399,632,495,9,78,0
1160,59,864,627,788,286,40,87,1
1161,10,444,221,453,604,54,50,1
1162,10,637,974,26,814,21,27,0
1163,1,981,518,601,71,80,34,1
1164,71,583,677,985,584,50,77,1
1165,97,258,619,857,322,88,54,1
1166,22,699,79,613,35,36,64,0
1167,69,835,499,571,162,44,87,1
1168,75,838,889,860,887,9,52,1
1169,76,155,820,219,585,8,16,1
1170,69,665,299,683,661,54,93,1
1171,51,511,316,340,377,73,98,1
1172,5,812,363,894,223,61,34,1
1173,39,18,74,814,165,37,18,1
1174,81,670,717,936,197,80,55,0
1175,56,671,173,75,153,77,70,1
1176,49,394,75,956,652,72,64,1
1177,5,243,312,556,342,11,3,1
1178,38,305,886,660,539,11,50,1
1179,23,878,791,211,581,47,25,0
1180,38,151,513,274,107,3,31,1
1181,4,36,466,214,442,97,92,0
1182,66,851,800,41,844,37,81,1
1183,32,546,760,76,316,33,57,0
1184,83,18,656,711,65,92,43,1
1185,55,358,677,371,744,2,84,1
1186,42,900,201,16,240,64,29,1
1187,37,776,219,958,655,33,22,1
1188,61,627,445,520,665,79,5,1
1189,71,280,528,738,715,64,96,1
1190,59,865,133,854,739,44,22,1
1191,100,321,982,876,516,16,60,1
1192,26,571,34,601,477,73,26,1
1193,16,393,975,499,267,46,52,1
1194,1,614,654,769,324,28,63,1
1195,68,419,101,595,810,55,59,1
1196,14,208,921,799,674,96,77,1
1197,61,449,958,453,346,13,20,0
1198,42,744,110,437,835,11,51,1
1199,1,117,558,857,514,81,57,1
1200,10,73,958,280,591,52,64,1
1201,9,951,436,964,407,1,40,1
1202,93,827,432,420,341,84,77,1
1203,84,344,85,264,429,9,41,1
1204,19,781,951,425,169,61,21,1
1205,34,367,648,289,742,91,97,1
1206,64,108,383,356,347,26,2,1
1207,1,588,698,389,705,62,53,1
1208,50,907,87,756,787,28,20,1
1209,56,48,794,883,381,67,51,1
1210,62,147,555,1000,240,98,28,1
1211,83,591,735,731,923,96,26,1
1212,24,156,750,336,195,64,61,1
1213,37,440,180,69,583,65,35,0
1214,68,119,723,767,719,1,95,1
1215,24,266,600,967,290,23,58,1
1216,36,271,106,688,441,81,17,1
1217,50,960,212,10,457,43,66,1
1218,95,561,155,72,541,65,75,1
1219,11,883,152,646,367,13,16,0
1220,73,595,645,620,809,74,29,1
1221,100,632,485,526,115,27,89,1
1222,34,975,265,958,449,71,56,1
1223,95,768,783,82,266,67,73,1
1224,23,854,786,269,515,64,20,1
1225,27,695,163,753,305,55,85,0
1226,24,374,636,445,880,5,89,1
1227,28,491,555,658,791,10,91,1
1228,100,209,107,374,314,9,73,1
1229,28,883,824,146,998,5,44,1
1230,28,896,821,195,767,11,71,1
1231,81,293,710,160,987,94,100,1
1232,69,825,359,644,622,9,92,1
1233,44,534,725,698,378,88,43,1
1234,78,958,280,977,866,74,50,0
1235,45,344,141,641,388,5,6,1
1236,19,579,167,946,564,24,66,1
1237,89,23,165,943,995,79,17,1
1238,20,897,839,274,454,58,61,0
1239,19,537,655,527,729,79,26,1
1240,25,949,154,246,361,63,75,1
1241,1,348,480,149,980,59,70,1
1242,18,253,295,508,381,35,85,0
1243,67,884,986,783,348,62,43,1
1244,77,340,197,567,968,57,75,1
1245,11,704,437,27,206,60,83,1
1246,99,80,162,14,226,52,23,0
1247,15,235,672,871,55,68,53,0
1248,81,321,65,232,297,23,91,1
1249,100,523,542,511,238,65,7,1
1250,28,326,897,689,499,25,89,1
1251,88,888,105,693,347,62,72,1
1252,25,734,680,844,935,81,100,1
1253,9,667,871,232,970,44,99,0
1254,44,287,425,538,77,85,36,0
1255,23,528,473,292,929,94,50,1
1256,31,394,568,113,194,62,69,0
1257,18,741,443,9,936,81,86,1
1258,87,754,673,421,923,70,78,1
1259,6,846,747,29,981,51,87,1
1260,29,109,489,411,56,12,79,1
1261,30,982,898,969,106,38,62,1
1262,93,991,897,813,223,68,70,0
1263,10,992,882,120,545,27,25,1
1264,69,794,548,767,844,23,89,0
1265,79,161,531,89,90,25,49,1
1266,64,210,361,24,55,89,20,1
1267,50,58,5,793,727,4,58,0
1268,18,388,704,321,342,51,14,1
1269,52,858,466,629,930,82,96,0
1270,69,865,136,46,205,54,25,1
1271,76,381,646,379,31,10,65,1
1272,94,597,534,869,571,16,74,1
1273,22,982,672,520,728,25,87,1
1274,18,838,344,806,979,12,92,1
1275,33,110,516,249,501,36,74,1
1276,79,947,615,494,465,45,14,1
1277,82,402,195,922,862,51,2,1
1278,30,764,594,906,656,54,93,1
1279,9,653,792,697,985,26,42,0
1280,40,549,771,411,230,77,54,1
1281,6,408,917,895,606,45,89,1
1282,69,179,275,276,346,94,73,1
1283,70,852,131,29,657,62,49,1
1284,72,625,434,959,60,14,23,1
1285,87,685,312,900,645,31,100,1
1286,39,327,310,764,457,83,47,1
1287,67,702,936,45,763,53,60,1
1288,45,375,343,290,887,95,83,1
1289,73,427,715,420,555,17,18,1
1290,49,774,475,293,94,1,92,1
1291,93,470,298,474,847,35,5,1
1292,53,772,387,421,453,19,29,0
1293,3,624,646,797,491,38,4,1
1294,42,857,463,208,667,47,17,0
1295,15,352,113,751,377,58,73,0
1296,59,231,215,567,259,5,9,1
1297,56,764,114,605,913,25,76,1
1298,45,499,818,422,555,40,36,1
1299,64,582,434,933,375,65,61,1
1300,84,386,126,491,439,66,9,1
1301,89,610,141,255,668,70,65,0
1302,41,765,175,995,815,91,23,1
1303,96,838,45,101,370,1,26,1
1304,45,14,352,957,892,2,69,1
1305,58,766,410,92,818,34,87,1
1306,51,324,486,773,448,9,44,1
1307,53,458,51,596,676,61,56,1
1308,56,328,620,204,293,53,42,1
1309,57,678,326,839,796,3,44,1
1310,20,620,314,276,319,92,32,1
1311,20,356,89,820,518,58,45,1
1312,5,739,942,956,820,51,54,1
1313,40,286,937,299,863,9,27,1
1314,30,318,689,261,263,96,13,0
1315,73,530,21,241,729,74,92,0
1316,86,807,762,717,738,84,39,1
1317,22,790,232,778,207,37,46,1
1318,3,457,446,54,769,5,45,1
1319,14,674,890,991,743,42,31,1
1320,84,771,314,72,636,83,13,1
1321,46,204,594,850,274,13,32,1
1322,9,331,681,28,29,71,36,1
1323,91,228,606,986,473,65,2,1
1324,84,53,659,82,875,51,23,1
1325,74,308,564,249,705,6,54,1
1326,30,838,411,523,41,69,52,1
1327,68,689,227,938,385,60,36,1
1328,81,975,65,453,848,69,94,0
1329,12,834,522,471,870,31,96,0
1330,20,882,290,345,775,90,82,1
1331,67,469,677,732,953,46,95,1
1332,6,50,375,306,753,78,15,1
1333,53,212,143,642,345,61,74,1
1334,9,251,952,752,152,69,1,0
1335,70,419,601,898,544,29,59,1
1336,77,363,915,5,477,11,23,1
1337,71,603,329,837,723,29,77,1
1338,91,194,536,895,722,62,53,1
1339,95,667,332,192,842,56,16,0
1340,72,799,645,885,965,20,17,0
1341,45,834,21,229,435,29,99,0
1342,69,655,806,509,51,96,73,1
1343,11,292,510,284,820,48,22,1
1344,47,527,139,418,790,92,86,1
1345,52,205,280,904,684,25,12,1
1346,88,892,395,18,458,3,53,1
1347,5,466,217,815,216,10,90,1
1348,28,164,867,398,154,9,33,1
1349,67,62,65,383,395,36,7,1
1350,3,974,971,557,887,44,91,1
1351,1,593,749,93,321,28,42,1
1352,6,892,539,58,113,51,4,1
1353,76,120,968,307,286,22,40,1
1354,36,247,279,456,516,60,43,1
1355,35,18,890,45,327,72,11,1
1356,13,836,711,938,111,4,88,1
1357,64,161,457,976,762,98,26,1
1358,77,408,815,257,819,5,66,1
1359,75,880,116,105,985,1,35,1
1360,69,955,49,595,309,86,20,1
1361,53,674,247,16,527,60,12,1
1362,27,709,644,45,94,58,57,0
1363,41,952,460,784,770,19,10,1
1364,88,452,425,59,879,29,4,1
1365,79,889,887,921,596,19,9,1
1366,64,688,57,525,474,49,54,1
1367,39,453,794,94,287,100,99,1
1368,75,321,613,62,925,26,73,1
1369,37,556,94,688,621,67,20,1
1370,66,410,423,560,657,95,45,0
1371,93,994,271,792,801,86,83,1
1372,28,760,859,205,944,51,49,1
1373,22,975,403,753,297,36,91,1
1374,11,599,201,197,70,85,45,0
1375,39,643,949,541,602,75,8,1
1376,92,110,73,404,303,6,34,1
1377,20,245,562,385,990,17,32,1
1378,1,113,460,224,33,38,19,0
1379,40,426,908,385,305,40,47,1
1380,10,165,147,331,846,87,96,1
1381,10,92,445,719,852,52,100,1
1382,4,792,556,561,689,33,47,1
1383,78,558,115,675,33,75,20,1
1384,11,573,42,881,877,100,24,1
1385,35,245,701,86,152,86,11,1
1386,63,221,151,707,767,53,46,1
1387,57,678,60,168,124,80,87,1
1388,32,768,53,660,360,48,76,1
1389,95,131,195,901,650,51,17,1
1390,19,176,17,91,815,20,44,1
1391,60,50,50,447,10,89,12,1
1392,23,591,204,889,394,62,21,1
1393,26,915,226,406,443,65,2,0
1394,90,771,4,321,909,70,31,0
1395,23,910,89,420,666,71,14,1
1396,14,770,866,756,842,99,3,1
1397,28,454,991,762,702,70,80,0
1398,73,384,968,307,417,8,67,0
1399,90,945,43,828,127,11,56,1
1400,7,490,162,989,380,56,28,1
1401,51,165,113,466,387,36,98,1
1402,10,415,961,743,145,22,36,0
1403,56,318,357,316,51,45,45,0
1404,31,45,10,265,372,63,93,0
1405,89,291,380,19,770,19,94,0
1406,27,775,382,522,524,34,1,1
1407,62,421,979,617,670,85,26,1
1408,98,251,425,216,92,69,40,1
1409,20,316,598,4,818,25,49,1
1410,22,196,51,740,729,53,11,1
1411,24,243,106,237,146,38,48,1
1412,34,419,775,405,125,72,36,1
1413,17,271,836,460,191,74,8,1
1414,57,670,578,281,454,30,31,1
1415,66,374,45,445,730,77,99,1
1416,58,784,618,617,817,57,70,0
1417,54,672,122,752,965,74,25,1
1418,28,338,86,827,658,37,37,1
1419,14,125,407,127,244,18,43,1
1420,90,278,390,234,399,62,38,0
1421,59,305,699,731,845,20,19,1
1422,82,613,345,59,543,58,49,1
1423,15,887,211,51,29,47,6,0
1424,63,363,761,23,816,39,51,1
1425,24,237,961,89,138,22,11,1
1426,6,255,382,881,848,28,27,1
1427,41,592,836,493,806,62,1,1
1428,36,419,42,74,618,21,89,1
1429,8,136,80,267,968,45,21,1
1430,1,697,29,78,687,60,96,0
1431,3,21,912,432,122,55,44,1
1432,53,40,214,42,572,67,22,1
1433,17,507,901,888,173,1,28,0
1434,34,45,659,650,639,37,67,1
1435,91,212,88,543,705,4,20,1
1436,54,388,139,974,449,64,58,1
1437,30,137,87,632,448,52,50,1
1438,57,611,441,478,997,14,100,0
1439,50,835,53,47,898,69,16,1
1440,66,14,503,774,973,60,39,1
1441,68,88,925,496,222,72,55,1
1442,42,869,922,370,820,89,72,1
1443,9,109,897,558,753,51,86,0
1444,61,880,485,524,624,75,59,1
1445,84,9,604,732,905,62,20,1
1446,18,956,244,318,299,16,95,0
1447,51,611,231,465,526,52,16,1
1448,100,985,186,286,724,4,66,1
1449,10,305,936,858,522,95,35,1
1450,52,447,711,512,661,54,89,0
1451,70,584,18,487,485,28,61,1
1452,5,580,276,662,429,98,30,1
1453,47,708,89,555,637,53,93,0
1454,69,63,220,324,791,37,50,1
1455,71,698,596,611,574,70,32,1
1456,97,620,936,773,518,69,51,1
1457,89,294,3,649,227,58,3,1
1458,25,461,122,291,584,49,43,1
1459,60,412,225,226,346,12,34,1
1460,69,975,796,881,243,52,47,1
1461,27,580,533,939,272,37,51,1
1462,77,361,321,534,746,82,58,1
1463,37,754,164,873,864,40,18,1
1464,21,768,517,327,937,95,61,1
1465,22,496,267,571,679,61,19,1
1466,72,818,106,66,552,88,71,1
1467,45,172,81,605,113,52,57,1
1468,15,790,710,639,973,78,24,0
1469,41,372,489,264,46,45,8,1
1470,72,341,298,414,451,97,23,1
1471,62,790,759,767,710,13,13,0
1472,57,816,669,880,26,80,91,1
1473,91,803,168,686,551,11,44,1
1474,69,312,522,946,288,35,49,1
1475,60,73,883,149,302,48,93,1
1476,98,305,687,336,441,1,6,1
1477,96,740,517,806,523,75,97,1
1478,39,135,802,271,802,39,24,1
1479,15,200,802,701,368,18,100,1
1480,11,196,928,277,209,47,3,1
1481,82,376,526,627,50,44,49,1
1482,69,625,333,336,155,28,50,1
1483,42,620,757,779,957,97,67,1
1484,41,269,664,239,797,37,10,1
1485,65,516,901,491,892,22,8,1
1486,49,765,412,902,412,28,25,1
1487,32,356,286,87,358,61,52,1
1488,57,538,194,21,542,29,87,1
1489,20,292,605,158,794,58,54,0
1490,8,909,118,637,987,32,62,1
1491,81,393,175,937,975,61,66,1
1492,16,391,398,556,359,52,11,1
1493,100,7,989,856,223,7,1,1
1494,50,616,496,523,425,11,68,0
1495,32,412,444,67,662,45,77,1
1496,75,452,819,305,997,35,43,1
1497,47,651,738,898,200,4,23,1
1498,73,629,225,318,258,35,72,1
1499,16,975,867,110,598,51,28,0
1500,40,592,75,120,201,58,84,1
1501,40,862,592,964,512,28,87,1
1502,3,380,753,982,726,71,100,1
1503,32,329,372,713,718,56,28,1
1504,13,783,125,755,232,11,51,1
1505,36,576,601,334,954,26,85,1
1506,19,231,868,928,138,39,35,1
1507,4,892,278,707,863,25,3,1
1508,88,362,586,290,466,24,5,1
1509,7,803,382,517,929,21,58,1
1510,98,425,810,177,842,69,13,1
1511,26,81,792,102,147,27,42,1
1512,51,64,44,859,518,4,42,1
1513,68,915,783,951,49,99,45,1
1514,90,170,578,218,435,92,13,1
1515,23,13,675,959,464,87,10,1
1516,37,519,882,231,685,98,46,1
1517,72,919,222,274,744,93,1,0
1518,25,49,203,182,966,9,69,0
1519,22,828,77,445,564,27,63,1
1520,46,390,838,257,77,60,51,1
1521,64,833,489,7,426,24,25,0
1522,40,807,330,20,700,33,69,1
1523,64,662,660,164,112,54,32,1
1524,82,165,606,970,373,28,42,1
1525,87,657,806,506,490,31,3,0
1526,6,743,239,919,881,71,44,1
1527,66,374,387,265,892,9,58,1
1528,77,91,409,871,115,1,93,1
1529,5,987,852,709,575,79,52,1
1530,97,349,136,925,742,56,19,1
1531,7,436,362,972,660,44,96,1
1532,29,964,306,436,546,70,32,1
1533,2,88,517,185,590,83,87,1
1534,92,709,896,590,191,86,53,0
1535,15,178,690,882,666,68,43,1
1536,38,940,161,290,431,53,40,1
1537,52,913,52,224,248,34,76,1
1538,86,418,733,979,131,63,92,1
1539,39,28,400,380,890,25,65,1
1540,72,103,160,482,426,3,41,1
1541,26,945,378,819,35,97,59,1
1542,29,96,511,108,93,52,66,1
1543,39,856,796,388,945,34,53,1
1544,57,183,756,143,401,83,96,0
1545,68,767,172,113,259,5,2,1
1546,2,2,283,830,167,25,55,1
1547,17,245,155,72,521,96,32,1
1548,68,638,980,366,610,13,71,1
1549,91,424,296,800,758,82,30,1
1550,53,885,550,845,308,30,89,1
1551,19,929,177,539,463,1,57,0
1552,2,413,550,355,406,57,100,1
1553,47,24,898,14,136,89,44,1
1554,15,47,992,589,212,92,57,1
1555,35,631,714,481,795,44,21,1
1556,73,757,956,643,17,30,50,1
1557,74,31,563,419,211,35,7,1
1558,47,797,960,669,144,79,87,1
1559,30,994,824,268,179,53,24,0
1560,99,408,785,958,829,4,30,1
1561,67,270,883,77,586,38,64,1
1562,44,532,456,290,592,3,93,1
1563,97,401,246,147,376,97,73,1
1564,26,531,171,579,430,84,73,1
1565,49,462,597,419,306,62,11,0
1566,57,289,851,288,969,33,46,1
1567,38,697,866,370,808,64,37,1
1568,28,871,168,169,560,74,90,0
1569,28,926,440,306,440,82,95,1
1570,30,435,85,406,373,4,92,1
1571,13,77,991,965,307,65,13,0
1572,13,163,300,811,720,90,21,1
1573,21,355,498,683,231,69,28,1
1574,26,747,406,813,734,33,33,1
1575,79,980,922,897,900,4,96,1
1576,79,327,932,749,319,68,89,1
1577,21,122,795,202,3,47,4,1
1578,51,795,990,222,87,36,34,1
1579,34,998,847,54,673,54,56,1
1580,5,422,127,675,466,84,68,1
1581,24,608,600,422,489,66,34,1
1582,6,437,326,243,35,32,11,1
1583,28,968,394,39,814,79,84,1
1584,26,356,453,388,578,99,35,1
1585,99,992,166,308,843,85,9,0
1586,50,514,843,434,396,78,23,1
1587,38,12,241,476,618,90,95,1
1588,11,540,431,964,890,51,32,1
1589,79,130,536,435,66,72,72,1
1590,92,44,640,954,60,49,91,0
1591,53,7,865,927,270,15,81,1
1592,92,921,678,834,444,19,57,0
1593,57,777,536,400,579,13,56,1
1594,69,289,416,215,122,12,22,1
1595,73,694,541,859,113,31,100,0
1596,84,745,631,672,486,25,74,1
1597,79,36,809,243,715,25,5,1
1598,27,505,406,670,5,27,87,1
1599,92,85,326,491,379,54,85,1
1600,60,409,799,673,467,45,5,1
1601,45,863,736,34,649,78,8,1
1602,68,714,175,422,127,95,72,1
1603,92,732,355,986,901,72,83,0
1604,68,309,834,286,124,70,86,1
1605,48,456,413,342,753,93,27,1
1606,35,166,777,948,311,65,31,1
1607,14,754,918,578,600,77,88,1
1608,93,866,188,829,982,7,27,0
1609,99,528,722,984,937,52,37,0
1610,10,329,233,780,989,66,39,1
1611,22,382,664,738,804,20,45,1
1612,50,462,139,194,84,28,93,1
1613,20,473,749,586,997,62,35,1
1614,94,874,355,434,263,62,7,1
1615,31,829,81,499,890,64,75,1
1616,92,22,212,501,42,64,34,1
1617,66,568,902,971,411,59,31,1
1618,23,554,385,193,500,97,17,0
1619,20,22,868,803,146,59,87,1
1620,71,173,909,587,616,89,6,1
1621,8,205,716,483,95,17,100,1
1622,52,862,140,311,29,95,65,1
1623,75,419,546,714,871,95,80,1
1624,20,961,965,197,844,42,17,1
1625,95,10,838,382,315,84,42,1
1626,66,535,5,602,228,40,41,1
1627,50,710,287,30,575,60,63,1
1628,11,961,199,855,410,27,2,1
1629,22,431,100,680,619,28,6,0
1630,69,695,514,732,771,90,38,0
1631,35,236,883,817,795,70,6,1
1632,90,353,14,963,187,27,2,1
1633,26,839,218,533,66,84,88,1
1634,85,718,293,751,958,55,75,1
1635,5,758,59,604,954,46,77,1
1636,27,708,773,687,374,57,37,0
1637,77,818,870,321,300,84,73,1
1638,68,634,703,634,738,65,20,1
1639,74,879,186,961,187,19,61,1
1640,98,812,248,729,904,93,94,1
1641,21,548,50,60,153,73,26,1
1642,42,602,110,255,438,29,44,0
1643,69,945,806,731,244,27,64,1
1644,36,803,818,584,485,42,75,1
1645,16,135,561,675,472,7,44,0
1646,45,722,704,690,690,29,88,1
1647,32,970,181,781,297,26,78,1
1648,91,810,411,996,213,18,10,1
1649,27,197,885,326,700,85,6,1
1650,15,445,904,745,135,50,7,1
1651,50,408,339,824,230,98,62,1
1652,1,541,195,200,754,90,20,1
1653,8,339,272,940,163,78,75,1
1654,5,421,421,303,306,8,51,0
1655,60,888,291,19,743,30,47,1
1656,84,361,990,1000,522,90,66,1
1657,55,857,718,580,85,66,52,1
1658,34,869,302,220,97,67,38,1
1659,37,438,305,385,951,55,65,1
1660,96,991,661,612,36,39,31,1
1661,95,12,837,984,562,88,49,1
1662,39,76,253,559,339,54,95,1
1663,70,19,465,616,902,74,27,1
1664,91,590,647,758,959,40,67,1
1665,64,340,255,433,820,94,49,0
1666,8,529,820,716,199,60,52,1
1667,5,596,483,747,502,43,47,1
1668,2,313,59,608,256,42,89,1
1669,77,802,584,474,168,81,42,1
1670,46,553,237,17,287,12,15,1
1671,71,810,983,25,707,52,18,1
1672,1,247,538,236,275,80,92,1
1673,69,531,502,779,38,49,30,1
1674,50,298,419,871,565,23,5,1
1675,30,3,406,886,983,92,97,1
1676,55,1000,866,204,42,99,43,1
1677,10,501,120,489,948,90,68,1
1678,26,888,544,473,530,21,17,1
1679,29,788,598,248,63,54,19,1
1680,36,873,447,885,320,99,85,0
1681,90,673,669,411,513,84,27,1
1682,16,855,612,635,850,74,11,1
1683,92,558,530,483,697,16,95,1
1684,92,723,147,381,645,35,67,1
1685,25,952,855,611,583,94,60,1
1686,3,235,856,751,574,41,56,1
1687,95,875,594,839,332,4,76,0
1688,81,501,364,497,391,41,57,1
1689,44,893,813,834,889,1,71,1
1690,33,379,152,661,282,85,40,1
1691,41,332,458,958,554,56,97,1
1692,79,414,706,631,299,72,91,1
1693,83,662,113,68,53,78,14,1
1694,53,166,827,115,712,60,38,1
1695,59,55,645,567,177,12,8,0
1696,25,331,358,821,228,58,78,1
1697,27,317,203,456,119,91,75,1
1698,100,856,61,555,258,10,20,1
1699,36,897,468,52,384,11,39,1
1700,15,224,20,333,759,79,70,1
1701,27,384,930,744,669,64,88,1
1702,79,169,44,56,703,61,36,1
1703,56,183,273,286,813,11,43,1
1704,77,597,552,935,645,53,36,1
1705,81,785,672,292,825,40,63,1
1706,47,111,870,193,603,92,60,1
1707,5,492,949,923,923,9,34,1
1708,83,949,937,808,959,1,38,1
1709,79,679,881,460,565,36,99,1
1710,10,619,555,104,259,89,100,1
1711,80,44,540,186,89,72,2,1
1712,35,256,348,8,414,84,33,1
1713,98,538,148,31,344,49,60,1
1714,69,92,886,438,394,36,34,1
1715,79,780,867,512,551,62,86,1
1716,38,677,901,507,481,12,16,1
1717,43,996,103,384,170,44,37,1
1718,49,696,986,498,139,90,50,1
1719,5,247,80,97,589,78,53,1
1720,98,154,418,18,608,12,27,0
1721,90,397,542,379,892,22,25,1
1722,4,211,455,360,781,76,88,1
1723,73,512,811,158,75,71,29,1
1724,69,461,544,768,537,72,73,1
1725,30,124,955,114,278,15,10,0
1726,48,797,824,923,636,50,58,1
1727,46,209,461,409,818,72,16,1
1728,46,833,203,474,432,66,75,1
1729,56,300,269,690,604,94,67,1
1730,5,472,414,674,818,46,40,1
1731,56,614,720,981,731,90,12,1
1732,87,930,441,893,5,84,86,1
1733,2,166,652,65,402,39,3,1
1734,47,163,219,579,610,79,39,1
1735,21,106,740,181,540,24,15,1
1736,67,660,650,35,281,61,30,1
1737,82,742,132,209,861,84,79,1
1738,72,335,451,369,29,94,56,0
1739,69,27,980,666,642,25,95,1
1740,28,636,935,470,602,11,98,1
1741,93,252,403,636,781,35,57,1
1742,40,520,907,318,691,60,22,1
1743,24,495,155,300,652,55,77,1
1744,75,821,797,675,933,70,24,1
1745,4,979,567,702,507,26,51,1
1746,69,567,757,937,138,19,4,1
1747,46,501,658,869,677,38,48,0
1748,59,687,124,358,946,85,76,0
1749,77,154,545,949,340,60,27,1
1750,11,966,474,759,245,42,13,1
1751,11,824,992,56,229,94,16,1
1752,93,36,34,925,444,50,72,1
1753,59,417,103,17,176,14,14,1
1754,14,407,996,45,975,7,48,1
1755,55,432,355,456,856,78,42,1
1756,21,83,380,432,983,96,11,1
1757,2,90,383,816,797,20,83,0
1758,70,452,837,724,956,43,70,1
1759,32,973,121,469,105,70,22,1
1760,32,969,872,501,409,63,25,1
1761,40,309,857,512,935,63,12,1
1762,9,828,211,280,584,75,42,1
1763,64,172,108,708,50,13,86,1
1764,5,908,619,649,457,78,80,1
1765,23,811,857,4,260,27,17,1
1766,22,781,340,138,618,98,43,1
1767,69,483,546,742,263,74,21,1
1768,52,954,500,840,486,27,87,1
1769,74,438,331,557,455,3,56,1
1770,54,546,870,857,465,4,41,0
1771,42,748,64,48,567,38,23,1
1772,69,407,788,390,590,19,68,0
1773,84,394,723,610,612,6,33,1
1774,75,808,82,645,755,38,32,1
1775,58,127,227,183,828,100,77,1
1776,96,513,998,225,337,74,77,1
1777,48,682,464,674,894,57,7,1
1778,1,747,847,964,836,59,72,1
1779,41,287,153,441,932,84,66,1
1780,54,808,284,586,794,54,57,1
1781,76,979,66,802,594,18,87,0
1782,99,925,188,970,826,2,47,1
1783,68,111,271,184,399,98,43,1
1784,90,786,799,259,351,14,12,0
1785,65,336,107,85,81,30,22,1
1786,20,640,583,61,434,84,43,1
1787,36,800,379,536,546,17,54,1
1788,37,65,542,324,828,1,82,1
1789,11,641,699,778,801,81,56,1
1790,4,660,993,882,34,7,73,1
1791,10,381,755,688,79,27,71,1
1792,71,37,63,465,188,91,85,0
1793,7,801,146,962,167,65,71,1
1794,42,626,841,560,164,45,58,1
1795,14,288,313,153,467,41,81,1
1796,33,438,325,889,335,69,30,1
1797,21,869,904,594,835,43,43,1
1798,22,885,540,899,556,80,27,1
1799,31,495,912,910,629,46,58,1
1800,60,956,630,808,13,88,51,1
1801,20,810,685,741,179,52,11,1
1802,14,341,402,601,874,63,99,1
1803,78,913,611,459,697,19,55,1
1804,49,835,104,893,66,72,86,1
1805,76,669,852,134,74,22,7,1
1806,63,153,790,976,747,25,66,1
1807,73,385,899,354,672,7,32,1
1808,47,798,322,278,591,64,62,1
1809,56,1000,468,796,227,83,54,1
1810,8,328,839,242,811,13,61,1
1811,24,72,515,83,724,96,9,0
1812,7,247,506,359,281,81,16,1
1813,78,537,838,940,583,27,87,1
1814,31,635,161,177,295,35,52,0
1815,52,601,715,926,511,12,85,1
1816,57,31,363,641,780,98,69,1
1817,53,673,573,219,162,36,56,1
1818,30,991,906,589,873,27,83,1
1819,5,108,941,538,421,67,7,1
1820,77,320,240,3,742,68,34,1
1821,75,504,217,150,892,1,80,1
1822,46,872,154,895,233,26,55,1
1823,90,699,279,923,527,83,28,1
1824,30,135,898,791,303,33,32,1
1825,92,799,871,220,523,21,16,1
1826,96,433,142,256,367,66,52,1
1827,93,862,670,987,78,78,29,1
1828,60,911,767,851,180,20,12,1
1829,93,95,684,328,513,87,74,1
1830,5,769,914,494,441,4,100,1
1831,76,213,642,898,871,66,21,1
1832,25,606,501,358,114,11,67,1
1833,62,558,45,513,308,2,26,1
1834,94,32,356,436,520,93,6,1
1835,96,365,80,905,493,20,31,1
1836,79,681,222,720,86,71,57,1
1837,44,462,531,553,467,26,41,0
1838,100,411,875,861,566,39,72,1
1839,31,500,107,59,79,64,14,0
1840,4,161,421,725,413,84,22,1
1841,5,312,469,572,944,56,82,1
1842,63,421,854,48,147,8,7,1
1843,32,354,43,921,724,56,6,0
1844,84,959,430,198,132,99,17,0
1845,37,394,768,828,871,69,11,0
1846,60,923,714,341,194,14,71,0
1847,49,737,334,381,938,26,93,0
1848,17,925,643,107,609,45,94,1
1849,54,666,411,676,853,98,49,1
1850,63,500,708,675,560,87,45,0
1851,9,618,964,768,802,61,72,1
1852,84,814,371,982,115,20,34,1
1853,4,710,724,248,517,31,35,1
1854,99,877,293,583,250,65,32,1
1855,99,467,920,497,968,2,50,1
1856,36,966,480,787,325,27,91,1
1857,21,522,763,558,135,91,66,1
1858,12,852,824,718,88,74,18,1
1859,94,769,581,323,195,4,96,1
1860,80,154,848,116,328,43,87,1
1861,100,553,999,197,680,49,84,1
1862,29,731,67,579,230,29,50,1
1863,3,194,31,946,231,33,92,1
1864,34,915,371,946,638,31,99,1
1865,32,504,809,485,301,99,44,1
1866,57,520,700,42,69,34,80,1
1867,90,73,937,229,415,27,54,1
1868,60,194,448,762,566,65,94,1
1869,43,515,65,545,919,26,8,1
1870,17,898,822,653,862,44,1,0
1871,20,15,305,232,981,83,94,0
1872,97,854,65,115,418,96,17,1
1873,81,847,33,41,503,27,38,0
1874,18,283,539,429,129,35,25,1
1875,51,461,716,105,902,16,32,1
1876,60,628,164,976,377,13,1,0
1877,2,729,709,704,914,34,6,0
1878,27,502,313,598,830,5,38,1
1879,9,79,417,488,666,34,20,1
1880,70,543,922,485,690,70,33,1
1881,83,665,27,222,485,18,26,1
1882,80,35,504,542,886,21,22,1
1883,60,314,393,435,769,28,57,1
1884,19,620,359,398,140,82,26,1
1885,39,66,936,473,867,1,71,1
1886,26,822,149,116,719,28,9,1
1887,25,344,61,505,122,3,97,1
1888,64,322,542,393,370,51,46,1
1889,47,710,876,969,132,71,38,1
1890,51,233,491,883,561,54,80,1
1891,61,118,501,990,99,45,41,1
1892,16,912,275,55,15,73,46,1
1893,22,58,419,502,979,12,23,1
1894,6,953,686,695,247,8,47,1
1895,52,640,511,331,485,30,52,1
1896,40,33,643,992,538,38,5,0
1897,37,120,50,390,861,79,90,1
1898,77,497,289,397,948,92,85,1
1899,17,223,246,754,203,91,12,1
1900,34,37,561,919,359,87,24,1
1901,48,610,414,93,315,81,2,1
1902,31,54,289,295,780,66,86,1
1903,41,42,747,197,136,63,37,1
1904,64,186,190,125,766,70,82,1
1905,55,715,672,137,250,97,34,1
1906,64,575,960,628,63,68,81,1
1907,97,542,374,241,969,46,41,0
1908,11,261,577,263,719,36,38,1
1909,56,492,372,416,150,71,94,1
1910,72,37,901,547,479,23,49,1
1911,89,169,305,718,783,23,14,0
1912,43,426,435,416,672,92,2,1
1913,4,713,327,219,791,76,43,1
1914,46,638,741,396,458,73,57,1
1915,53,664,633,413,957,46,92,1
1916,7,819,818,451,331,34,78,1
1917,29,351,321,453,374,71,89,1
1918,60,31,890,548,437,24,95,1
1919,56,300,396,281,954,1,39,1
1920,99,538,153,813,62,84,71,0
1921,28,656,188,630,189,65,62,0
1922,73,148,604,399,872,45,94,1
1923,52,763,41,319,733,65,86,0
1924,6,375,872,641,373,42,75,0
1925,86,682,524,280,239,95,46,1
1926,94,560,448,3,560,100,32,1
1927,62,363,478,9,470,69,99,1
1928,13,334,300,648,602,29,92,1
1929,74,898,312,103,177,96,96,1
1930,40,885,6,356,321,40,54,1
1931,6,999,334,84,896,66,42,1
1932,44,683,928,979,445,28,18,1
1933,90,977,884,861,291,18,46,1
1934,51,657,638,918,735,72,55,1
1935,2,760,486,234,856,2,66,1
1936,65,944,514,221,705,56,21,1
1937,40,673,143,68,56,90,55,1
1938,91,941,388,604,208,80,32,0
1939,48,41,543,682,222,24,13,1
1940,84,356,821,406,210,4,4,1
1941,51,115,239,935,177,67,38,1
1942,37,149,358,666,55,88,29,1
1943,64,167,602,974,924,39,38,1
1944,83,169,244,314,700,99,84,1
1945,46,784,350,745,495,80,67,1
1946,65,960,418,899,123,99,47,1
1947,84,308,296,671,45,71,73,1
1948,57,585,880,139,865,99,37,0
1949,90,482,532,258,801,40,64,1
1950,62,538,269,431,468,38,12,1
1951,40,32,38,477,820,34,56,1
1952,85,143,925,377,666,37,51,1
1953,27,514,19,380,624,1,17,1
1954,40,620,458,651,537,56,64,1
1955,66,271,876,823,123,39,26,1
1956,43,231,212,67,200,37,56,1
1957,26,825,200,266,814,83,91,1
1958,13,57,297,729,558,83,22,1
1959,99,575,914,742,155,47,18,0
1960,66,270,564,5,283,49,4,1
1961,69,506,920,699,523,40,12,1
1962,85,256,109,456,64,96,75,1
1963,70,325,74,652,333,85,89,0
1964,92,482,118,647,687,94,12,1
1965,93,404,679,268,652,31,19,1
1966,76,341,550,128,551,99,17,1
1967,88,444,86,633,846,95,21,1
1968,28,662,12,995,667,57,84,0
1969,96,465,745,995,218,8,79,1
1970,76,553,813,462,13,61,81,1
1971,44,248,870,913,929,25,72,1
1972,32,704,214,281,428,23,38,1
1973,81,593,824,657,481,2,98,1
1974,24,219,813,246,212,14,46,1
1975,45,347,302,657,429,83,8,0
1976,37,73,410,716,651,68,87,0
1977,47,232,329,568,566,86,96,1
1978,79,997,485,574,367,57,47,1
1979,7,696,173,620,342,28,29,1
1980,48,219,669,569,233,15,1,1
1981,25,892,159,598,309,85,64,1
1982,82,279,76,919,380,44,75,1
1983,14,281,673,285,281,48,13,0
1984,71,789,683,893,892,70,27,1
1985,78,393,906,178,195,79,46,1
1986,4,623,600,678,459,59,23,0
1987,64,354,596,970,51,49,12,1
1988,94,981,234,370,543,60,9,1
1989,44,15,615,507,173,71,88,1
1990,22,836,271,229,120,85,9,1
1991,26,295,440,974,526,62,13,1
1992,79,295,443,54,550,72,5,1
1993,68,846,434,692,284,47,75,0
1994,69,481,235,436,59,31,27,1
1995,99,400,867,199,818,2,1,1
1996,44,483,718,135,881,87,85,1
1997,81,584,118,944,216,3,44,0
1998,1,392,596,896,958,49,97,1
1999,24,773,490,95,874,6,26,1
2000,61,617,880,211,164,93,99,1
